id,chart,artist,title,cos,neurons_lit,heart_aPN1_hz,panic_GF_hz,jo_A_hz,jo_B_hz
global_00,global,Queen,Bohemian Rhapsody,0.944889707467371,276,0.5411764705882353,27.016666666666666,127.82000000000002,87.04734848484848
global_01,global,Michael Jackson,Billie Jean,0.950076875791717,252,0.45294117647058824,24.366666666666667,114.72999999999998,78.28333333333335
global_02,global,The Beatles,Hey Jude,0.9100273389506693,236,0.2647058823529412,13.933333333333334,172.07733333333334,75.48901515151515
global_03,global,The Beatles,Here Comes the Sun,0.9294268127359684,239,0.3980392156862745,20.15,172.1473333333333,94.4094696969697
global_04,global,Whitney Houston,I Will Always Love You,0.7991127022431513,151,0.0392156862745098,5.45,150.71,31.486363636363638
global_05,global,Mariah Carey,All I Want for Christmas Is You,0.9059586079667655,222,0.22941176470588234,14.683333333333334,167.26533333333333,68.5439393939394
global_06,global,Elvis Presley,Hound Dog,0.8786130428411781,240,0.1784313725490196,8.466666666666667,205.59533333333337,62.11439393939395
global_07,global,Chuck Berry,Johnny B. Goode,0.9306676490197211,249,0.388235294117647,15.683333333333334,164.37133333333333,60.16515151515151
global_08,global,Bee Gees,Stayin' Alive,0.9258719996850969,251,0.3215686274509804,14.616666666666667,161.29333333333335,68.7715909090909
global_09,global,ABBA,Dancing Queen,0.8318297878297456,189,0.049019607843137254,2.066666666666667,203.11733333333336,50.45378787878787
global_10,global,Eagles,Hotel California,0.9319328628573085,252,0.40588235294117647,18.166666666666668,162.356,75.92386363636363
global_11,global,Led Zeppelin,Stairway to Heaven,0.9197523890746123,239,0.26666666666666666,15.733333333333333,167.08333333333331,81.00681818181819
global_12,global,John Lennon,Imagine,0.9264418553986732,256,0.3313725490196079,17.333333333333332,157.1046666666667,80.12348484848485
global_13,global,Nirvana,Smells Like Teen Spirit,0.9224986222873062,224,0.33333333333333337,18.383333333333333,167.39199999999997,89.68106060606061
global_14,global,a-ha,Take On Me,0.8888984995977061,219,0.20392156862745095,9.616666666666667,186.20399999999998,66.16780303030303
global_15,global,Toto,Africa,0.9431161957518855,241,0.4235294117647059,22.683333333333334,138.51333333333335,82.34431818181817
global_16,global,Rick Astley,Never Gonna Give You Up,0.9057924841498589,252,0.28627450980392155,12.8,172.424,61.69583333333333
global_17,global,Beyoncé,Crazy in Love,0.9463731238122116,227,0.4411764705882353,22.133333333333333,128.10399999999998,72.75795454545454
global_18,global,Adele,Rolling in the Deep,0.9467034754467238,270,0.5647058823529412,26.133333333333333,145.72466666666668,96.06590909090909
global_19,global,Mark Ronson,Uptown Funk,0.9311231720899117,266,0.43921568627450974,18.866666666666667,131.62933333333334,65.625
global_20,global,Ed Sheeran,Shape of You,0.9124213414923364,244,0.25882352941176473,12.2,159.2433333333333,66.65530303030303
global_21,global,Luis Fonsi,Despacito,0.9287473156935943,247,0.38431372549019605,16.516666666666666,159.982,66.25719696969696
global_22,global,Billie Eilish,bad guy,0.9767355506140852,266,0.7392156862745098,31.816666666666666,83.476,83.87310606060606
global_23,global,The Weeknd,Blinding Lights,0.9322155403628524,247,0.42745098039215684,18.666666666666668,168.81,77.3094696969697
global_24,global,Taylor Swift,Shake It Off,0.9071463206504834,238,0.2627450980392157,12.083333333333334,169.21866666666668,54.64962121212122
global_25,global,Daft Punk,Get Lucky,0.9483859684533158,235,0.5,24.033333333333335,140.07933333333335,77.13636363636364
global_26,global,Harry Styles,As It Was,0.9164333406571906,237,0.296078431372549,15.8,174.22333333333333,73.49621212121212
global_27,global,Frank Sinatra,Fly Me to the Moon,0.9211677761853876,223,0.25882352941176473,17.05,141.90200000000002,73.14393939393939
global_28,global,Nikolai Rimsky-Korsakov,Flight of the Bumblebee,0.9145375628487806,245,0.28235294117647064,12.683333333333334,172.53533333333337,72.75265151515151
global_29,global,Vienna Philharmonic,Symphony No. 5 in C Minor,0.8835670030351651,216,0.09803921568627451,5.25,156.46,40.981818181818184
japan_00,japan,YOASOBI,アイドル,0.9218873230637082,253,0.3588235294117647,16.766666666666666,164.78,68.9280303030303
japan_01,japan,YOASOBI,夜に駆ける,0.9340753326731062,244,0.4137254901960784,20.45,170.72866666666664,90.32462121212122
japan_02,japan,Creepy Nuts,Bling-Bang-Bang-Born,0.9292090740178153,243,0.35882352941176476,18.116666666666667,147.594,65.90454545454546
japan_03,japan,Mrs. GREEN APPLE,ライラック,0.9130097845175912,216,0.25686274509803925,15.683333333333334,179.59333333333336,85.7155303030303
japan_04,japan,Mrs. GREEN APPLE,ケセラセラ,0.9220760845106951,242,0.3294117647058824,15.15,151.8293333333333,69.0094696969697
japan_05,japan,Official髭男dism,Pretender,0.871544956666542,219,0.13333333333333333,5.566666666666666,217.20933333333332,68.61174242424244
japan_06,japan,Official髭男dism,Subtitle,0.9539288500265345,260,0.5823529411764706,25.9,128.53466666666662,89.81704545454546
japan_07,japan,King Gnu,白日,0.8989767817194279,216,0.19019607843137254,11.066666666666666,171.35399999999998,67.12386363636364
japan_08,japan,米津玄師,Lemon,0.8758266478181984,199,0.18823529411764706,8.233333333333333,197.188,64.04356060606061
japan_09,japan,米津玄師,KICK BACK,0.9131814288970244,244,0.296078431372549,13.1,179.34600000000003,74.29507575757576
japan_10,japan,Ado,うっせぇわ,0.9026406750003834,223,0.22549019607843138,11.75,176.62600000000003,71.15454545454544
japan_11,japan,Ado,新時代,0.9000214812713733,229,0.22549019607843138,11.033333333333333,192.666,76.77083333333334
japan_12,japan,LiSA,紅蓮華,0.8909100103635454,216,0.1627450980392157,11.35,174.95,64.02727272727273
japan_13,japan,Vaundy,怪獣の花唄,0.8878383456208568,206,0.12941176470588237,8.866666666666667,205.138,88.6496212121212
japan_14,japan,藤井 風,死ぬのがいいわ,0.8926419595955352,231,0.1784313725490196,9.516666666666667,183.73933333333332,72.3348484848485
japan_15,japan,Aimer,残響散歌,0.8664504670892105,190,0.10980392156862745,8.333333333333334,194.47799999999998,64.9776515151515
japan_16,japan,あいみょん,マリーゴールド,0.8775082633095977,197,0.12745098039215685,7.25,198.502,71.78598484848484
japan_17,japan,優里,ドライフラワー,0.8728561237457878,196,0.12745098039215685,10.133333333333333,174.03133333333335,55.30871212121212
japan_18,japan,tuki.,晩餐歌,0.9090953028271114,221,0.26862745098039215,14.95,169.78400000000002,66.60113636363636
japan_19,japan,Number_i,GOAT,0.92657922531985,249,0.307843137254902,14.966666666666667,140.40599999999998,62.57121212121212
japan_20,japan,宇多田ヒカル,First Love,0.8801638844491245,205,0.16470588235294117,10.316666666666666,163.00466666666665,44.95530303030303
japan_21,japan,竹内まりや,プラスティック・ラブ,0.9569301392827294,255,0.6411764705882353,30.533333333333335,112.61933333333333,88.87083333333334
japan_22,japan,坂本九,上を向いて歩こう,0.9367246755053469,237,0.35490196078431374,16.65,163.78866666666667,69.6219696969697
japan_23,japan,Da-iCE,スターマイン,0.9163983922509418,242,0.2882352941176471,12.433333333333334,166.8,55.67424242424243
japan_24,japan,back number,高嶺の花子さん,0.898996725471156,206,0.24901960784313726,12.75,185.498,75.82727272727273
japan_25,japan,星野源,恋,0.9303229773384039,235,0.36078431372549025,19.383333333333333,174.79733333333334,95.79734848484848
japan_26,japan,ずっと真夜中でいいのに。,秒針を噛む,0.9124102536780401,217,0.2705882352941177,15.583333333333334,174.52466666666663,84.47651515151516
korea_00,korea,BTS,Dynamite,0.9419428093199493,252,0.4745098039215686,23.05,147.55200000000002,71.7128787878788
korea_01,korea,BTS,Butter,0.9427561921241903,268,0.5686274509803921,22.433333333333334,151.72933333333333,82.17462121212121
korea_02,korea,PSY,Gangnam Style,0.9417197479427283,275,0.5313725490196078,20.316666666666666,160.81466666666668,69.89090909090909
korea_03,korea,BLACKPINK,DDU-DU DDU-DU,0.8815817634254094,212,0.15490196078431373,9.9,169.5426666666667,46.385984848484846
korea_04,korea,BLACKPINK,How You Like That,0.9121242656432883,250,0.27254901960784317,14.266666666666667,158.82266666666666,61.343181818181826
korea_05,korea,ROSÉ,APT.,0.9243475172697797,260,0.37450980392156863,15.183333333333334,133.71466666666666,53.18939393939393
korea_06,korea,NewJeans,Hype Boy,0.918384033689468,262,0.3784313725490196,15.066666666666666,187.364,65.42424242424244
korea_07,korea,NewJeans,Ditto,0.8851109311018842,213,0.16666666666666669,9.216666666666667,173.2566666666667,53.67159090909092
korea_08,korea,NewJeans,Super Shy,0.9513557598554286,263,0.5960784313725491,24.716666666666665,152.41466666666668,86.51515151515152
korea_09,korea,IU,Good Day,0.9084105602950686,260,0.3137254901960784,12.816666666666666,186.46400000000003,58.402272727272724
korea_10,korea,IU,Through the Night,0.9480142232928512,252,0.4862745098039215,23.333333333333332,138.98733333333334,75.39166666666667
korea_11,korea,BIGBANG,Fantastic Baby,0.9221763609093957,262,0.38431372549019605,16.683333333333334,155.55200000000002,63.18787878787878
korea_12,korea,BIGBANG,Lies,0.9334878761319217,270,0.4549019607843137,20.466666666666665,145.488,73.90454545454546
korea_13,korea,Wonder Girls,Tell Me,0.8665660627384142,215,0.1392156862745098,6.733333333333333,172.1926666666667,40.19242424242424
korea_14,korea,Girls' Generation,Gee,0.9192836149763347,235,0.3137254901960784,16.083333333333332,178.52,76.2246212121212
korea_15,korea,aespa,Supernova,0.9374615452949527,236,0.3450980392156863,19.45,136.446,74.04166666666667
korea_16,korea,IVE,LOVE DIVE,0.9496013922663554,261,0.5509803921568628,22.75,142.52800000000002,78.95984848484848
korea_17,korea,(G)I-DLE,Queencard,0.9171523113680664,238,0.2745098039215686,14.066666666666666,168.5666666666667,69.29924242424244
korea_18,korea,Jung Kook,Seven,0.9463054080742531,253,0.4882352941176471,20.716666666666665,154.43333333333334,74.63181818181819
korea_19,korea,Jimin,Like Crazy,0.9398380498232328,249,0.4862745098039215,22.7,151.946,75.57765151515152
korea_20,korea,HUNTR/X,Golden,0.9288881446359126,256,0.39215686274509803,18.433333333333334,142.14133333333336,65.83901515151514
korea_21,korea,YOUNHA,Event Horizon,0.8977101549841201,213,0.1941176470588235,11.45,179.502,71.93257575757576
korea_22,korea,Busker Busker,Cherry Blossom Ending,0.9044587955374827,218,0.20196078431372547,11.083333333333334,170.78999999999996,74.11704545454546
korea_23,korea,SEVENTEEN,Super,0.9047015179816293,245,0.2392156862745098,13.666666666666666,151.54866666666666,62.87121212121212
korea_24,korea,Stray Kids,S-Class,0.9362280201096121,241,0.38431372549019605,18.75,126.994,60.57916666666667
korea_25,korea,Seo Taiji and Boys,I Know,0.9589775549173366,250,0.615686274509804,27.9,132.96933333333334,88.06704545454545
korea_26,korea,Kim Kwang Seok,서른 즈음에,0.9441786202801142,228,0.38627450980392153,22.366666666666667,141.01133333333334,84.25265151515151
ctrl_flysong,control,Drosophila melanogaster,Courtship Song (another fly),0.9993043831242657,246,0.8490196078431372,33.4,70.17666666666668,87.5378787878788
ctrl_noise,control,Control,White Noise,0.7442430876568603,149,0.0,0.0,242.5693333333333,52.87348484848485
ctrl_tone,control,Control,440 Hz Tone,0.6086015548743471,110,0.0,0.0,249.114,1.272348484848485
ctrl_metronome,control,Control,Metronome 120 BPM,0.9407293952628539,167,0.13333333333333333,6.016666666666667,19.215333333333334,17.699242424242424
