id,chart,artist,title,fly_score,mad,neurons_lit,heart_aPN1_hz,panic_GF_hz,jo_A_hz,jo_B_hz,score_s1,score_s2,score_s3,score_s4,overall_rank,chart_rank
global_00,global,Queen,Bohemian Rhapsody,23.43,2.9,825.0,0.54,25.15,127.39,86.74,24.0,22.86,18.2,58.92,1.0,1.0
global_01,global,Michael Jackson,Billie Jean,21.32,3.74,731.0,0.46,22.22,114.57,78.06,19.73,29.32,22.9,15.43,3.0,2.0
global_02,global,The Beatles,Hey Jude,14.37,0.19,702.75,0.24,11.14,172.01,75.33,14.48,14.79,14.1,14.26,56.0,21.0
global_03,global,The Beatles,Here Comes the Sun,20.03,0.55,716.0,0.36,16.37,172.36,94.31,21.72,20.27,19.78,19.18,11.0,5.0
global_04,global,Whitney Houston,I Will Always Love You,-3.68,0.64,606.75,0.05,5.65,150.91,31.19,-3.16,-4.2,-2.91,-4.43,84.0,30.0
global_05,global,Mariah Carey,All I Want for Christmas Is You,14.46,0.15,702.25,0.22,12.12,167.02,68.14,14.41,14.71,14.51,14.2,55.0,20.0
global_06,global,Elvis Presley,Hound Dog,12.4,0.4,704.0,0.13,6.29,205.55,61.57,11.66,13.35,12.33,12.47,69.0,25.0
global_07,global,Chuck Berry,Johnny B. Goode,15.72,0.12,730.5,0.37,14.46,164.57,59.96,15.85,15.83,14.79,15.61,40.0,15.0
global_08,global,Bee Gees,Stayin' Alive,13.95,0.1,728.5,0.27,11.83,161.35,68.35,15.8,13.91,13.98,13.78,60.0,23.0
global_09,global,ABBA,Dancing Queen,4.54,0.47,632.75,0.03,1.05,203.25,50.18,3.9,7.95,4.85,4.23,83.0,29.0
global_10,global,Eagles,Hotel California,17.36,0.28,744.25,0.35,15.57,162.21,75.88,17.66,17.63,17.09,16.87,28.0,9.0
global_11,global,Led Zeppelin,Stairway to Heaven,15.62,0.22,719.0,0.26,12.17,167.14,80.68,15.32,15.49,15.76,18.16,43.0,18.0
global_12,global,John Lennon,Imagine,15.71,0.33,739.75,0.33,13.6,157.11,79.91,18.22,15.32,15.44,15.98,41.0,16.0
global_13,global,Nirvana,Smells Like Teen Spirit,17.08,0.37,687.5,0.34,15.66,167.09,89.36,16.46,16.97,17.19,18.74,29.0,10.0
global_14,global,a-ha,Take On Me,12.24,0.17,682.75,0.16,7.68,185.94,66.02,12.09,12.4,12.01,12.43,71.0,27.0
global_15,global,Toto,Africa,17.76,0.4,731.25,0.43,20.02,138.76,81.99,22.05,17.78,16.99,17.74,22.0,8.0
global_16,global,Rick Astley,Never Gonna Give You Up,12.86,0.17,729.25,0.26,11.01,172.32,61.75,13.21,12.84,12.89,12.55,67.0,24.0
global_17,global,Beyoncé,Crazy in Love,15.67,0.33,696.25,0.43,21.04,128.31,72.5,15.7,17.18,15.65,15.04,42.0,17.0
global_18,global,Adele,Rolling in the Deep,21.04,0.04,750.75,0.54,22.49,145.3,96.01,24.11,21.06,21.01,20.98,4.0,3.0
global_19,global,Mark Ronson,Uptown Funk,16.18,0.4,749.5,0.44,15.91,131.66,65.34,16.36,16.0,15.57,19.24,35.0,13.0
global_20,global,Ed Sheeran,Shape of You,14.14,0.11,723.75,0.23,9.59,159.19,66.32,13.75,14.26,14.04,14.25,57.0,22.0
global_21,global,Luis Fonsi,Despacito,16.16,0.36,729.0,0.36,15.1,159.91,66.07,15.51,16.22,22.93,16.09,36.0,14.0
global_22,global,Billie Eilish,bad guy,20.95,0.19,762.25,0.71,29.42,83.46,83.29,20.88,21.26,21.02,17.71,5.0,4.0
global_23,global,The Weeknd,Blinding Lights,17.83,0.27,724.75,0.39,16.49,169.29,77.13,18.36,17.86,17.81,17.22,21.0,7.0
global_24,global,Taylor Swift,Shake It Off,12.35,0.4,711.75,0.26,11.01,169.18,54.71,12.65,12.05,11.84,13.01,70.0,26.0
global_25,global,Daft Punk,Get Lucky,18.75,0.24,718.25,0.51,23.18,140.1,77.2,18.53,17.47,18.98,19.02,18.0,6.0
global_26,global,Harry Styles,As It Was,16.67,0.24,707.75,0.3,14.04,174.14,73.42,17.28,16.42,16.45,16.89,31.0,11.0
global_27,global,Frank Sinatra,Fly Me to the Moon,15.49,0.67,701.5,0.26,15.29,141.89,72.82,13.81,14.89,16.24,16.09,45.0,19.0
global_28,global,Nikolai Rimsky-Korsakov,Flight of the Bumblebee,16.2,0.5,727.75,0.23,9.39,172.02,72.26,15.84,16.56,15.37,16.83,34.0,12.0
global_29,global,Vienna Philharmonic,Symphony No. 5 in C Minor,4.73,0.3,678.75,0.09,3.8,156.64,41.1,4.22,5.3,4.65,4.82,82.0,28.0
japan_00,japan,YOASOBI,アイドル,16.21,0.12,732.0,0.32,14.87,164.75,68.84,16.21,16.22,15.99,16.98,33.0,9.0
japan_01,japan,YOASOBI,夜に駆ける,20.13,0.24,728.5,0.39,17.87,170.79,89.91,18.99,20.35,19.91,20.4,10.0,3.0
japan_02,japan,Creepy Nuts,Bling-Bang-Bang-Born,15.81,0.64,722.5,0.38,16.59,147.57,65.6,16.96,16.34,15.29,15.06,38.0,10.0
japan_03,japan,Mrs. GREEN APPLE,ライラック,17.47,0.42,682.0,0.3,14.72,179.87,85.51,17.06,18.06,17.04,17.88,25.0,7.0
japan_04,japan,Mrs. GREEN APPLE,ケセラセラ,14.95,0.12,719.0,0.29,12.3,151.83,68.99,14.77,15.01,14.89,15.15,50.0,13.0
japan_05,japan,Official髭男dism,Pretender,11.54,0.21,691.25,0.1,3.61,217.26,68.26,11.3,11.72,11.36,11.9,75.0,24.0
japan_06,japan,Official髭男dism,Subtitle,20.14,0.11,740.5,0.54,22.76,128.4,89.38,21.07,20.22,20.0,20.06,9.0,2.0
japan_07,japan,King Gnu,白日,12.59,0.19,685.5,0.19,9.67,171.14,66.83,12.7,14.78,12.33,12.48,68.0,21.0
japan_08,japan,米津玄師,Lemon,11.92,0.65,673.0,0.17,7.6,197.24,63.45,11.92,11.92,15.5,10.62,73.0,23.0
japan_09,japan,米津玄師,KICK BACK,15.4,0.13,704.25,0.28,10.58,179.08,73.99,15.32,15.78,15.47,15.2,46.0,12.0
japan_10,japan,Ado,うっせぇわ,13.26,0.08,694.75,0.2,9.98,176.6,71.14,13.23,13.29,12.77,13.38,66.0,20.0
japan_11,japan,Ado,新時代,14.83,0.22,688.75,0.19,8.68,192.59,76.46,15.05,15.31,14.62,14.61,51.0,14.0
japan_12,japan,LiSA,紅蓮華,14.1,0.86,697.25,0.18,10.44,174.68,63.93,15.78,14.34,12.61,13.86,59.0,16.0
japan_13,japan,Vaundy,怪獣の花唄,15.5,0.25,661.25,0.13,6.67,205.03,88.33,15.06,15.44,16.13,15.55,44.0,11.0
japan_14,japan,藤井 風,死ぬのがいいわ,13.39,0.47,694.5,0.18,8.15,183.51,72.3,14.6,13.09,12.76,13.69,65.0,19.0
japan_15,japan,Aimer,残響散歌,10.03,0.06,645.75,0.12,7.2,194.84,64.6,9.76,10.04,10.02,10.14,76.0,25.0
japan_16,japan,あいみょん,マリーゴールド,12.06,0.48,659.75,0.12,6.03,198.46,71.71,11.55,12.52,11.61,12.89,72.0,22.0
japan_17,japan,優里,ドライフラワー,8.4,0.08,664.25,0.15,9.61,174.02,55.17,8.67,8.44,8.35,8.28,79.0,26.0
japan_18,japan,tuki.,晩餐歌,13.84,0.34,692.75,0.27,14.11,170.1,66.49,13.99,13.12,13.7,14.38,62.0,18.0
japan_19,japan,Number_i,GOAT,19.76,3.48,726.25,0.33,13.19,140.19,62.28,12.88,18.18,21.34,25.14,12.0,4.0
japan_20,japan,宇多田ヒカル,First Love,7.75,0.19,687.25,0.18,10.24,163.25,44.84,7.41,8.24,7.71,7.79,80.0,27.0
japan_21,japan,竹内まりや,プラスティック・ラブ,22.15,3.01,727.25,0.64,28.16,112.7,88.53,19.78,24.52,70.1,18.5,2.0,1.0
japan_22,japan,坂本九,上を向いて歩こう,16.73,0.17,716.5,0.38,15.5,163.84,69.66,18.7,16.77,16.69,16.42,30.0,8.0
japan_23,japan,Da-iCE,スターマイン,13.92,0.59,721.25,0.29,11.54,166.91,55.55,14.67,13.45,14.4,13.22,61.0,17.0
japan_24,japan,back number,高嶺の花子さん,14.53,0.37,682.75,0.23,11.11,185.36,75.46,14.64,17.24,13.9,14.42,54.0,15.0
japan_25,japan,星野源,恋,19.52,0.61,699.0,0.37,17.62,174.6,95.68,20.12,18.9,18.92,21.93,14.0,5.0
japan_26,japan,ずっと真夜中でいいのに。,秒針を噛む,17.61,1.35,689.25,0.27,14.29,174.18,84.46,15.77,19.73,18.47,16.76,24.0,6.0
korea_00,korea,BTS,Dynamite,17.45,0.18,751.25,0.47,22.3,147.6,71.62,18.54,17.25,17.61,17.29,26.0,11.0
korea_01,korea,BTS,Butter,20.65,0.62,767.25,0.52,19.24,151.71,82.02,20.86,25.33,20.44,19.61,8.0,3.0
korea_02,korea,PSY,Gangnam Style,19.58,0.65,769.5,0.5,19.0,160.87,69.63,19.92,18.62,19.25,22.04,13.0,4.0
korea_03,korea,BLACKPINK,DDU-DU DDU-DU,8.86,0.63,694.75,0.18,9.89,169.93,46.3,8.04,8.42,9.3,10.59,78.0,26.0
korea_04,korea,BLACKPINK,How You Like That,13.52,0.46,743.0,0.27,13.04,159.12,61.35,13.92,13.0,14.46,13.11,64.0,23.0
korea_05,korea,ROSÉ,APT.,13.74,0.15,744.25,0.34,13.48,133.94,53.05,13.64,13.85,13.55,14.24,63.0,22.0
korea_06,korea,NewJeans,Hype Boy,16.5,0.21,750.25,0.33,12.07,187.59,65.09,16.42,22.16,16.58,16.15,32.0,13.0
korea_07,korea,NewJeans,Ditto,9.83,0.36,685.25,0.17,8.47,172.85,53.78,10.6,9.68,9.98,9.25,77.0,25.0
korea_08,korea,NewJeans,Super Shy,20.91,0.21,756.5,0.57,23.42,152.45,86.26,25.7,20.82,20.57,20.99,6.0,1.0
korea_09,korea,IU,Good Day,14.6,0.44,741.25,0.29,11.11,186.23,58.26,14.03,15.12,14.96,14.24,52.0,19.0
korea_10,korea,IU,Through the Night,18.28,0.31,747.25,0.47,21.83,138.73,75.28,16.8,18.89,18.27,18.28,20.0,9.0
korea_11,korea,BIGBANG,Fantastic Baby,15.31,0.6,744.0,0.39,15.97,155.7,63.23,14.16,15.36,19.38,15.25,47.0,16.0
korea_12,korea,BIGBANG,Lies,17.44,0.27,749.0,0.44,17.28,145.43,73.94,17.18,16.91,17.73,17.7,27.0,12.0
korea_13,korea,Wonder Girls,Tell Me,6.85,0.21,681.5,0.12,5.88,172.27,40.27,6.41,6.97,7.15,6.73,81.0,27.0
korea_14,korea,Girls' Generation,Gee,17.71,0.63,713.75,0.33,14.61,178.63,76.1,18.32,17.05,19.36,17.1,23.0,10.0
korea_15,korea,aespa,Supernova,15.78,0.78,707.0,0.35,17.92,136.44,73.54,14.72,18.53,15.27,16.28,39.0,15.0
korea_16,korea,IVE,LOVE DIVE,18.84,0.07,757.5,0.53,20.59,142.36,78.99,18.75,18.8,19.28,18.88,16.0,6.0
korea_17,korea,(G)I-DLE,Queencard,15.14,0.35,716.25,0.27,12.21,168.24,69.05,14.68,16.12,14.91,15.37,49.0,18.0
korea_18,korea,Jung Kook,Seven,18.91,0.64,735.5,0.47,19.17,154.81,74.3,19.54,18.29,20.31,18.25,15.0,5.0
korea_19,korea,Jimin,Like Crazy,18.69,1.12,736.5,0.48,21.05,151.77,75.31,19.52,20.35,17.86,17.27,19.0,8.0
korea_20,korea,HUNTR/X,Golden,16.08,0.34,732.0,0.39,17.46,142.24,65.95,16.0,16.16,15.49,18.32,37.0,14.0
korea_21,korea,YOUNHA,Event Horizon,14.13,0.52,681.75,0.2,9.99,179.33,71.92,14.81,13.11,13.76,14.49,58.0,21.0
korea_22,korea,Busker Busker,Cherry Blossom Ending,14.58,0.72,689.25,0.19,8.56,171.27,73.74,13.67,16.09,14.07,15.1,53.0,20.0
korea_23,korea,SEVENTEEN,Super,11.56,0.24,711.25,0.22,11.76,151.61,62.75,11.37,12.08,11.76,11.27,74.0,24.0
korea_24,korea,Stray Kids,S-Class,15.14,1.73,731.5,0.37,18.45,127.01,60.26,14.1,16.18,12.72,20.89,48.0,17.0
korea_25,korea,Seo Taiji and Boys,I Know,20.82,1.3,734.5,0.62,26.22,132.73,87.8,19.7,25.15,21.95,19.35,7.0,2.0
korea_26,korea,Kim Kwang Seok,서른 즈음에,18.83,0.57,698.25,0.38,21.08,141.14,83.93,20.19,19.35,18.21,18.3,17.0,7.0
ctrl_flysong,control,Drosophila melanogaster,Courtship Song (another fly),99.92,0.0,411.75,0.82,32.15,70.19,87.44,99.88,99.92,99.91,99.92,,
ctrl_noise,control,Control,White Noise,0.0,0.0,595.25,0.0,0.0,242.61,52.57,0.0,0.0,0.0,0.0,,
ctrl_tone,control,Control,440 Hz Tone,-18.47,0.11,535.75,0.0,0.0,249.08,1.3,-18.57,-18.37,-18.35,-18.66,,
ctrl_metronome,control,Control,Metronome 120 BPM,83.25,0.04,280.5,0.13,5.92,19.18,17.74,83.21,83.28,83.23,83.51,,
